[{"Country Name":"China","Population (Millions) 2013":"1360.72"},{"Country Name":"India","Population (Millions) 2013":"1259.35"},{"Country Name":"European Union","Population (Millions) 2013":"504.89"},{"Country Name":"USA","Population (Millions) 2013":"316.74"},{"Country Name":"Indonesia","Population (Millions) 2013":"248.82"},{"Country Name":"Brazil","Population (Millions) 2013":"201.03"},{"Country Name":"Russia","Population (Millions) 2013":"143.7"},{"Country Name":"Japan","Population (Millions) 2013":"127.34"},{"Country Name":"Mexico","Population (Millions) 2013":"118.4"},{"Country Name":"Germany","Population (Millions) 2013":"80.77"},{"Country Name":"Turkey","Population (Millions) 2013":"76.06"},{"Country Name":"United Kingdom","Population (Millions) 2013":"64.09"},{"Country Name":"France","Population (Millions) 2013":"63.65"},{"Country Name":"Italy","Population (Millions) 2013":"59.69"},{"Country Name":"South Africa","Population (Millions) 2013":"53.16"},{"Country Name":"Republic of Korea","Population (Millions) 2013":"50.22"},{"Country Name":"Argentina","Population (Millions) 2013":"42.2"},{"Country Name":"Canada","Population (Millions) 2013":"35.11"},{"Country Name":"Saudi Arabia","Population (Millions) 2013":"29.99"},{"Country Name":"Australia","Population (Millions) 2013":"23.3"}]